barangay,survey_date,latitude,longitude,num_owners,inahin,barako,fattener,grower,starter,bulaw,total_pigs
Antipolo,2022-12-27,13.965,121.525,3,0,0,9,4,3,6,22
Antipolo,2023-02-19,13.965,121.525,3,0,0,13,4,0,5,22
Antipolo,2023-04-21,13.965,121.525,1,2,0,6,7,2,5,22
Antipolo,2023-07-05,13.965,121.525,1,2,0,10,2,2,0,16
Antipolo,2023-08-22,13.965,121.525,4,2,0,5,4,0,3,14
Antipolo,2023-10-17,13.965,121.525,2,1,0,12,7,0,7,27
Antipolo,2023-12-21,13.965,121.525,2,1,0,14,6,5,0,26
Antipolo,2024-03-08,13.965,121.525,1,0,0,9,3,2,4,18
Antipolo,2024-04-16,13.965,121.525,4,1,0,7,7,0,6,21
Antipolo,2024-06-19,13.965,121.525,1,3,0,7,7,3,6,26
Antipolo,2024-08-16,13.965,121.525,2,0,0,10,6,2,4,22
Antipolo,2024-10-15,13.965,121.525,5,3,0,15,2,6,7,33
Balubal,2022-12-21,13.97,121.53,1,3,0,13,20,5,0,41
Balubal,2023-03-07,13.97,121.53,8,3,0,16,6,0,4,29
Balubal,2023-05-14,13.97,121.53,6,1,0,13,11,2,16,43
Balubal,2023-06-19,13.97,121.53,6,3,0,12,10,4,11,40
Balubal,2023-09-08,13.97,121.53,5,1,0,11,9,2,13,36
Balubal,2023-10-14,13.97,121.53,6,2,2,25,9,2,17,57
Balubal,2024-01-09,13.97,121.53,8,0,0,9,6,1,13,29
Balubal,2024-02-17,13.97,121.53,7,0,0,12,8,2,1,23
Balubal,2024-04-13,13.97,121.53,5,2,0,20,9,1,16,48
Balubal,2024-06-13,13.97,121.53,6,2,0,14,3,1,10,30
Balubal,2024-09-04,13.97,121.53,5,2,0,18,5,3,5,33
Balubal,2024-11-05,13.97,121.53,9,2,0,14,13,5,27,61
Barangay 1,2022-12-29,13.975,121.535,5,4,0,8,5,1,1,19
Barangay 1,2023-03-02,13.975,121.535,1,3,0,15,9,3,8,38
Barangay 1,2023-04-30,13.975,121.535,3,2,0,2,6,5,11,26
Barangay 1,2023-06-18,13.975,121.535,1,3,0,6,5,4,0,18
Barangay 1,2023-09-09,13.975,121.535,6,1,0,12,6,3,11,33
Barangay 1,2023-10-21,13.975,121.535,5,1,0,10,3,4,8,26
Barangay 1,2023-12-24,13.975,121.535,5,0,0,8,2,0,7,17
Barangay 1,2024-02-28,13.975,121.535,3,2,0,11,3,2,9,27
Barangay 1,2024-04-27,13.975,121.535,1,2,0,8,4,3,0,17
Barangay 1,2024-06-14,13.975,121.535,2,3,0,18,12,2,9,44
Barangay 1,2024-08-21,13.975,121.535,5,1,0,14,4,3,8,30
Barangay 1,2024-10-28,13.975,121.535,1,2,1,13,3,4,10,33
Barangay 2,2022-12-21,13.976,121.536,3,3,0,25,6,6,3,43
Barangay 2,2023-03-04,13.976,121.536,3,1,0,12,7,5,5,30
Barangay 2,2023-05-06,13.976,121.536,2,0,0,10,4,5,4,23
Barangay 2,2023-06-25,13.976,121.536,5,4,4,23,7,4,4,46
Barangay 2,2023-09-11,13.976,121.536,4,2,1,26,10,6,6,51
Barangay 2,2023-10-30,13.976,121.536,1,1,0,17,11,5,0,34
Barangay 2,2023-12-28,13.976,121.536,5,1,0,13,2,5,2,23
Barangay 2,2024-03-06,13.976,121.536,2,4,1,20,11,4,4,44
Barangay 2,2024-04-17,13.976,121.536,2,3,1,15,5,2,11,37
Barangay 2,2024-06-11,13.976,121.536,3,1,0,8,5,3,5,22
Barangay 2,2024-08-25,13.976,121.536,4,2,0,13,11,2,2,30
Barangay 2,2024-10-17,13.976,121.536,3,2,0,30,12,8,0,52
Barangay 3,2022-12-30,13.977,121.537,3,1,0,1,1,0,0,3
Barangay 3,2023-02-23,13.977,121.537,2,2,0,6,2,0,5,15
Barangay 3,2023-05-14,13.977,121.537,1,0,0,2,0,0,2,4
Barangay 3,2023-06-23,13.977,121.537,1,0,0,5,1,1,5,12
Barangay 3,2023-08-19,13.977,121.537,1,1,0,8,5,4,3,21
Barangay 3,2023-11-10,13.977,121.537,2,0,0,5,2,0,6,13
Barangay 3,2023-12-28,13.977,121.537,1,0,0,3,5,2,0,10
Barangay 3,2024-02-16,13.977,121.537,2,0,0,3,1,0,0,4
Barangay 3,2024-04-23,13.977,121.537,1,1,0,6,1,2,0,10
Barangay 3,2024-07-03,13.977,121.537,1,2,0,6,4,0,0,12
Barangay 3,2024-08-30,13.977,121.537,2,0,0,7,1,0,3,11
Barangay 3,2024-11-05,13.977,121.537,1,4,0,5,6,0,9,24
Barangay 4,2022-12-21,13.978,121.538,1,3,0,17,7,5,3,35
Barangay 4,2023-03-13,13.978,121.538,5,1,0,3,2,0,5,11
Barangay 4,2023-04-19,13.978,121.538,2,1,0,13,6,4,5,29
Barangay 4,2023-07-04,13.978,121.538,6,1,0,14,8,3,15,41
Barangay 4,2023-08-22,13.978,121.538,4,1,0,5,5,0,4,15
Barangay 4,2023-10-29,13.978,121.538,4,1,0,9,7,3,8,28
Barangay 4,2023-12-21,13.978,121.538,5,0,0,9,9,2,13,33
Barangay 4,2024-03-03,13.978,121.538,5,1,1,16,10,6,4,38
Barangay 4,2024-05-01,13.978,121.538,3,1,0,4,3,4,6,18
Barangay 4,2024-07-06,13.978,121.538,4,2,0,16,1,3,11,33
Barangay 4,2024-08-28,13.978,121.538,2,2,0,12,8,2,0,24
Barangay 4,2024-10-31,13.978,121.538,4,2,0,7,12,0,5,26
Barangay 5,2023-01-03,13.979,121.539,7,1,0,14,7,1,6,29
Barangay 5,2023-02-25,13.979,121.539,2,0,0,14,3,3,3,23
Barangay 5,2023-05-07,13.979,121.539,4,0,0,21,3,1,16,41
Barangay 5,2023-06-24,13.979,121.539,7,1,1,24,7,5,16,54
Barangay 5,2023-08-27,13.979,121.539,3,6,0,22,6,10,7,51
Barangay 5,2023-10-28,13.979,121.539,3,8,0,17,12,12,5,54
Barangay 5,2023-12-28,13.979,121.539,12,5,0,19,15,0,27,66
Barangay 5,2024-02-23,13.979,121.539,7,4,0,25,8,2,7,46
Barangay 5,2024-04-16,13.979,121.539,2,1,0,16,4,2,6,29
Barangay 5,2024-07-02,13.979,121.539,6,2,0,19,15,1,18,55
Barangay 5,2024-08-23,13.979,121.539,8,3,0,29,11,8,3,54
Barangay 5,2024-10-29,13.979,121.539,11,10,0,21,7,5,18,61
Barangay 6,2022-12-22,13.98,121.54,1,0,0,6,2,2,2,12
Barangay 6,2023-03-01,13.98,121.54,1,0,0,1,1,0,0,2
Barangay 6,2023-04-28,13.98,121.54,1,0,0,5,1,2,3,11
Barangay 6,2023-07-07,13.98,121.54,1,0,0,3,0,0,1,4
Barangay 6,2023-08-24,13.98,121.54,1,0,0,2,4,0,3,9
Barangay 6,2023-10-24,13.98,121.54,1,0,0,0,6,1,2,9
Barangay 6,2023-12-13,13.98,121.54,2,1,0,6,5,0,0,12
Barangay 6,2024-02-13,13.98,121.54,2,0,0,3,3,3,1,10
Barangay 6,2024-04-19,13.98,121.54,1,0,0,2,0,0,0,2
Barangay 6,2024-06-27,13.98,121.54,1,0,0,5,1,0,3,9
Barangay 6,2024-09-05,13.98,121.54,2,0,0,4,2,1,4,11
Barangay 6,2024-10-17,13.98,121.54,1,0,0,1,3,3,0,7
Bignay 1,2023-01-03,13.981,121.541,1,0,0,7,1,0,4,12
Bignay 1,2023-03-08,13.981,121.541,1,0,0,3,1,0,2,6
Bignay 1,2023-05-09,13.981,121.541,1,4,0,1,2,0,4,11
Bignay 1,2023-07-11,13.981,121.541,1,0,0,5,4,2,2,13
Bignay 1,2023-09-09,13.981,121.541,2,0,0,4,0,0,9,13
Bignay 1,2023-11-11,13.981,121.541,1,0,0,5,3,3,0,11
Bignay 1,2024-01-03,13.981,121.541,2,0,0,5,1,0,5,11
Bignay 1,2024-02-22,13.981,121.541,2,1,0,4,2,2,1,10
Bignay 1,2024-04-22,13.981,121.541,1,0,0,3,1,1,3,8
Bignay 1,2024-06-14,13.981,121.541,1,0,0,3,2,0,2,7
Bignay 1,2024-08-27,13.981,121.541,1,0,0,6,5,1,3,15
Bignay 1,2024-11-05,13.981,121.541,1,1,0,3,3,2,1,10
Bignay 2,2022-12-26,13.982,121.542,18,5,0,34,19,10,24,92
Bignay 2,2023-03-16,13.982,121.542,13,4,0,32,15,6,22,79
Bignay 2,2023-04-22,13.982,121.542,15,4,0,35,16,3,23,81
Bignay 2,2023-06-22,13.982,121.542,6,6,0,65,28,20,18,137
Bignay 2,2023-09-11,13.982,121.542,5,8,0,47,23,12,21,111
Bignay 2,2023-10-22,13.982,121.542,22,8,0,66,17,26,10,127
Bignay 2,2024-01-07,13.982,121.542,8,11,0,46,29,10,16,112
Bignay 2,2024-02-28,13.982,121.542,12,3,1,33,22,7,15,81
Bignay 2,2024-05-08,13.982,121.542,7,5,3,50,14,5,27,104
Bignay 2,2024-06-20,13.982,121.542,23,5,0,33,21,11,25,95
Bignay 2,2024-08-25,13.982,121.542,21,12,0,64,28,15,34,153
Bignay 2,2024-11-05,13.982,121.542,32,16,6,62,32,13,35,164
Bucal,2022-12-30,13.983,121.543,5,0,0,7,4,1,10,22
Bucal,2023-03-08,13.983,121.543,1,0,0,11,3,1,5,20
Bucal,2023-05-07,13.983,121.543,2,1,0,10,4,1,6,22
Bucal,2023-07-13,13.983,121.543,3,3,0,10,2,3,1,19
Bucal,2023-09-06,13.983,121.543,1,2,0,4,4,8,7,25
Bucal,2023-11-10,13.983,121.543,3,1,0,8,6,3,8,26
Bucal,2024-01-01,13.983,121.543,2,0,0,10,4,5,13,32
Bucal,2024-02-24,13.983,121.543,1,0,0,3,6,1,4,14
Bucal,2024-04-13,13.983,121.543,3,2,0,4,1,4,9,20
Bucal,2024-06-19,13.983,121.543,2,0,0,9,2,3,11,25
Bucal,2024-08-26,13.983,121.543,3,0,0,5,3,2,7,17
Bucal,2024-10-22,13.983,121.543,2,1,0,11,2,3,2,19
Canda,2022-12-30,13.984,121.544,1,0,0,3,2,0,3,8
Canda,2023-02-18,13.984,121.544,1,0,0,2,2,0,4,8
Canda,2023-05-06,13.984,121.544,1,0,0,7,0,4,0,11
Canda,2023-07-01,13.984,121.544,1,0,0,3,0,0,0,3
Canda,2023-08-24,13.984,121.544,1,2,0,6,3,0,3,14
Canda,2023-10-14,13.984,121.544,2,0,0,2,2,0,6,10
Canda,2023-12-17,13.984,121.544,2,3,0,4,1,1,1,10
Canda,2024-02-23,13.984,121.544,1,0,0,2,1,0,2,5
Canda,2024-04-16,13.984,121.544,2,1,0,3,0,2,4,10
Canda,2024-07-07,13.984,121.544,1,0,0,7,2,3,1,13
Canda,2024-09-04,13.984,121.544,1,0,0,1,2,0,9,12
Canda,2024-10-20,13.984,121.544,2,0,0,6,0,1,2,9
Castañas,2023-01-04,13.985,121.545,3,7,0,18,12,6,7,50
Castañas,2023-02-24,13.985,121.545,8,2,0,12,1,2,9,26
Castañas,2023-04-24,13.985,121.545,7,2,5,19,5,1,11,43
Castañas,2023-07-09,13.985,121.545,5,2,0,23,10,8,9,52
Castañas,2023-08-23,13.985,121.545,2,6,0,21,9,12,3,51
Castañas,2023-11-05,13.985,121.545,8,5,0,17,6,3,20,51
Castañas,2023-12-28,13.985,121.545,10,4,0,6,8,6,13,37
Castañas,2024-02-15,13.985,121.545,4,0,0,24,8,1,4,37
Castañas,2024-04-27,13.985,121.545,2,6,0,16,8,5,5,40
Castañas,2024-06-16,13.985,121.545,4,2,0,13,6,6,1,28
Castañas,2024-08-16,13.985,121.545,8,0,0,19,8,6,8,41
Castañas,2024-11-02,13.985,121.545,11,6,3,9,4,4,10,36
Concepcion Banahaw,2023-01-09,13.986,121.546,1,0,0,1,4,0,0,5
Concepcion Banahaw,2023-03-05,13.986,121.546,1,0,0,2,0,0,0,2
Concepcion Banahaw,2023-05-01,13.986,121.546,1,0,0,1,0,0,0,1
Concepcion Banahaw,2023-07-06,13.986,121.546,1,0,0,7,2,0,6,15
Concepcion Banahaw,2023-08-15,13.986,121.546,1,2,0,4,2,0,0,8
Concepcion Banahaw,2023-10-26,13.986,121.546,1,0,0,3,2,0,5,10
Concepcion Banahaw,2024-01-02,13.986,121.546,1,0,0,6,0,0,2,8
Concepcion Banahaw,2024-02-24,13.986,121.546,2,0,0,5,1,0,4,10
Concepcion Banahaw,2024-05-02,13.986,121.546,1,0,0,4,3,0,0,7
Concepcion Banahaw,2024-06-24,13.986,121.546,2,0,0,1,3,0,10,14
Concepcion Banahaw,2024-09-02,13.986,121.546,1,2,0,2,1,0,0,5
Concepcion Banahaw,2024-10-20,13.986,121.546,1,0,0,4,6,0,1,11
Concepcion No. 1,2023-01-12,13.987,121.547,4,1,0,6,2,1,7,17
Concepcion No. 1,2023-03-09,13.987,121.547,3,0,0,11,4,0,2,17
Concepcion No. 1,2023-05-02,13.987,121.547,1,3,0,8,5,6,9,31
Concepcion No. 1,2023-07-09,13.987,121.547,2,1,0,7,3,2,0,13
Concepcion No. 1,2023-08-30,13.987,121.547,2,0,0,10,5,1,3,19
Concepcion No. 1,2023-10-20,13.987,121.547,1,1,0,9,2,5,1,18
Concepcion No. 1,2023-12-25,13.987,121.547,5,0,0,10,7,1,7,25
Concepcion No. 1,2024-02-16,13.987,121.547,4,1,0,7,7,4,2,21
Concepcion No. 1,2024-04-23,13.987,121.547,3,0,0,7,3,1,7,18
Concepcion No. 1,2024-06-11,13.987,121.547,4,2,0,9,2,3,7,23
Concepcion No. 1,2024-08-22,13.987,121.547,3,1,0,12,3,1,6,23
Concepcion No. 1,2024-10-25,13.987,121.547,2,1,0,15,4,5,4,29
Concepcion Palasan,2022-12-21,13.988,121.548,2,1,0,10,2,0,5,18
Concepcion Palasan,2023-02-22,13.988,121.548,4,0,0,3,6,0,7,16
Concepcion Palasan,2023-04-20,13.988,121.548,3,0,0,6,0,0,1,7
Concepcion Palasan,2023-07-07,13.988,121.548,4,2,0,4,3,1,6,16
Concepcion Palasan,2023-09-12,13.988,121.548,2,0,0,8,4,1,7,20
Concepcion Palasan,2023-11-01,13.988,121.548,2,0,0,10,4,5,0,19
Concepcion Palasan,2023-12-24,13.988,121.548,2,0,0,7,2,3,2,14
Concepcion Palasan,2024-02-22,13.988,121.548,2,0,0,5,2,1,3,11
Concepcion Palasan,2024-05-07,13.988,121.548,2,1,0,3,6,2,1,13
Concepcion Palasan,2024-07-08,13.988,121.548,2,0,0,11,2,2,4,19
Concepcion Palasan,2024-08-18,13.988,121.548,1,0,0,11,3,1,6,21
Concepcion Palasan,2024-11-01,13.988,121.548,4,0,0,13,6,3,4,26
Concepcion Pinagbakuran,2022-12-28,13.989,121.549,4,1,0,8,7,1,4,21
Concepcion Pinagbakuran,2023-02-28,13.989,121.549,2,0,0,7,4,1,6,18
Concepcion Pinagbakuran,2023-04-25,13.989,121.549,3,0,0,10,3,2,4,19
Concepcion Pinagbakuran,2023-06-30,13.989,121.549,4,0,0,5,2,0,6,13
Concepcion Pinagbakuran,2023-08-26,13.989,121.549,2,3,0,12,2,0,6,23
Concepcion Pinagbakuran,2023-11-07,13.989,121.549,1,0,0,12,9,4,5,30
Concepcion Pinagbakuran,2023-12-19,13.989,121.549,3,1,0,14,7,1,7,30
Concepcion Pinagbakuran,2024-02-19,13.989,121.549,1,3,0,9,1,7,4,24
Concepcion Pinagbakuran,2024-04-22,13.989,121.549,2,1,0,5,7,3,6,22
Concepcion Pinagbakuran,2024-07-08,13.989,121.549,2,2,0,10,8,2,8,30
Concepcion Pinagbakuran,2024-08-21,13.989,121.549,3,1,0,11,7,8,6,33
Concepcion Pinagbakuran,2024-10-26,13.989,121.549,2,3,0,6,6,2,0,17
Gibanga,2022-12-28,13.99,121.55,2,2,0,9,3,0,2,16
Gibanga,2023-02-20,13.99,121.55,3,3,0,14,7,1,3,28
Gibanga,2023-05-13,13.99,121.55,3,0,0,5,7,3,7,22
Gibanga,2023-06-30,13.99,121.55,3,0,0,4,3,0,0,7
Gibanga,2023-08-15,13.99,121.55,1,0,0,4,4,3,0,11
Gibanga,2023-10-14,13.99,121.55,5,0,0,8,1,0,17,26
Gibanga,2024-01-02,13.99,121.55,1,3,0,7,7,2,1,20
Gibanga,2024-02-15,13.99,121.55,4,1,0,9,2,1,5,18
Gibanga,2024-04-27,13.99,121.55,4,0,0,7,3,1,3,14
Gibanga,2024-06-25,13.99,121.55,1,2,0,9,6,2,0,19
Gibanga,2024-09-04,13.99,121.55,5,0,0,9,6,0,11,26
Gibanga,2024-10-30,13.99,121.55,2,0,0,10,6,0,13,29
Guisguis-San Roque,2022-12-21,13.991,121.551,2,0,0,6,4,2,5,17
Guisguis-San Roque,2023-03-02,13.991,121.551,1,0,0,9,8,0,1,18
Guisguis-San Roque,2023-04-27,13.991,121.551,4,0,0,3,0,1,8,12
Guisguis-San Roque,2023-07-05,13.991,121.551,1,0,0,8,5,2,3,18
Guisguis-San Roque,2023-08-26,13.991,121.551,2,1,0,6,7,4,9,27
Guisguis-San Roque,2023-11-06,13.991,121.551,1,1,0,11,2,1,5,20
Guisguis-San Roque,2023-12-18,13.991,121.551,5,0,0,6,3,1,13,23
Guisguis-San Roque,2024-03-04,13.991,121.551,3,0,0,5,5,2,6,18
Guisguis-San Roque,2024-04-23,13.991,121.551,1,1,0,7,2,0,5,15
Guisguis-San Roque,2024-07-05,13.991,121.551,3,3,0,6,0,0,6,15
Guisguis-San Roque,2024-08-27,13.991,121.551,5,1,0,11,2,4,5,23
Guisguis-San Roque,2024-11-01,13.991,121.551,5,1,0,11,4,2,6,24
Guisguis-Talon,2022-12-27,13.992,121.552,2,0,0,17,5,5,0,27
Guisguis-Talon,2023-03-06,13.992,121.552,2,2,0,6,7,1,1,17
Guisguis-Talon,2023-05-02,13.992,121.552,5,1,0,8,3,1,9,22
Guisguis-Talon,2023-06-18,13.992,121.552,3,6,0,9,9,6,8,38
Guisguis-Talon,2023-08-26,13.992,121.552,1,5,0,23,18,7,0,53
Guisguis-Talon,2023-10-18,13.992,121.552,4,7,0,25,10,0,15,57
Guisguis-Talon,2023-12-20,13.992,121.552,7,3,1,13,6,2,6,31
Guisguis-Talon,2024-03-04,13.992,121.552,5,1,0,10,4,2,3,20
Guisguis-Talon,2024-04-29,13.992,121.552,10,6,0,15,6,4,19,50
Guisguis-Talon,2024-06-14,13.992,121.552,5,0,0,12,8,2,25,47
Guisguis-Talon,2024-08-27,13.992,121.552,2,10,0,27,17,4,9,67
Guisguis-Talon,2024-11-01,13.992,121.552,1,3,0,17,10,5,0,35
Janagdong 1,2022-12-27,13.993,121.553,1,0,0,5,1,0,5,11
Janagdong 1,2023-03-14,13.993,121.553,1,0,0,2,1,1,3,7
Janagdong 1,2023-05-02,13.993,121.553,1,0,0,1,1,0,5,7
Janagdong 1,2023-07-13,13.993,121.553,1,0,0,2,4,0,5,11
Janagdong 1,2023-09-08,13.993,121.553,1,3,0,0,2,3,1,9
Janagdong 1,2023-11-03,13.993,121.553,2,0,0,6,4,0,8,18
Janagdong 1,2023-12-21,13.993,121.553,1,1,0,1,2,0,6,10
Janagdong 1,2024-02-20,13.993,121.553,1,0,0,1,1,0,2,4
Janagdong 1,2024-04-30,13.993,121.553,1,0,0,3,2,0,3,8
Janagdong 1,2024-07-02,13.993,121.553,1,1,0,13,6,5,0,25
Janagdong 1,2024-08-24,13.993,121.553,2,0,0,9,3,0,3,15
Janagdong 1,2024-10-20,13.993,121.553,1,2,0,9,2,0,0,13
Janagdong 2,2022-12-22,13.994,121.554,10,5,0,22,7,2,11,47
Janagdong 2,2023-02-25,13.994,121.554,7,0,0,10,6,2,11,29
Janagdong 2,2023-04-21,13.994,121.554,5,2,0,12,4,3,9,30
Janagdong 2,2023-07-05,13.994,121.554,2,2,2,15,5,5,6,35
Janagdong 2,2023-08-21,13.994,121.554,2,1,0,16,7,5,1,30
Janagdong 2,2023-11-03,13.994,121.554,2,0,0,9,13,3,6,31
Janagdong 2,2024-01-09,13.994,121.554,4,1,0,13,9,3,11,37
Janagdong 2,2024-02-24,13.994,121.554,7,2,0,13,1,1,19,36
Janagdong 2,2024-05-07,13.994,121.554,2,3,0,11,8,3,5,30
Janagdong 2,2024-06-28,13.994,121.554,1,4,0,11,7,1,8,31
Janagdong 2,2024-09-02,13.994,121.554,4,4,0,16,7,1,11,39
Janagdong 2,2024-10-14,13.994,121.554,1,1,0,13,8,3,0,25
Limbon,2022-12-25,13.995,121.555,2,0,0,6,3,0,4,13
Limbon,2023-03-16,13.995,121.555,2,1,0,7,4,0,6,18
Limbon,2023-04-28,13.995,121.555,3,1,0,5,6,0,8,20
Limbon,2023-07-02,13.995,121.555,2,4,0,8,3,4,5,24
Limbon,2023-08-27,13.995,121.555,2,5,0,5,2,0,10,22
Limbon,2023-10-18,13.995,121.555,1,6,0,14,3,0,0,23
Limbon,2024-01-08,13.995,121.555,4,1,0,6,4,2,6,19
Limbon,2024-02-27,13.995,121.555,1,3,0,3,3,0,0,9
Limbon,2024-04-11,13.995,121.555,2,0,0,7,3,0,0,10
Limbon,2024-06-13,13.995,121.555,1,0,0,7,7,2,4,20
Limbon,2024-09-05,13.995,121.555,1,2,0,12,5,0,1,20
Limbon,2024-11-03,13.995,121.555,2,1,0,8,2,2,4,17
Lutucan 1,2022-12-26,13.996,121.556,4,0,0,11,3,1,4,19
Lutucan 1,2023-03-04,13.996,121.556,4,1,0,12,4,0,6,23
Lutucan 1,2023-04-19,13.996,121.556,1,4,0,8,6,0,0,18
Lutucan 1,2023-07-12,13.996,121.556,3,1,0,3,2,2,12,20
Lutucan 1,2023-08-15,13.996,121.556,1,3,0,22,3,6,7,41
Lutucan 1,2023-10-20,13.996,121.556,1,2,0,11,5,5,6,29
Lutucan 1,2023-12-23,13.996,121.556,4,4,0,15,5,1,2,27
Lutucan 1,2024-02-24,13.996,121.556,3,0,0,11,5,5,3,24
Lutucan 1,2024-04-12,13.996,121.556,2,2,0,6,2,0,0,10
Lutucan 1,2024-07-02,13.996,121.556,2,0,0,11,4,6,5,26
Lutucan 1,2024-08-24,13.996,121.556,3,0,0,11,4,2,0,17
Lutucan 1,2024-11-05,13.996,121.556,3,0,0,8,6,2,6,22
Lutucan Bata,2022-12-18,13.997,121.557,2,0,0,3,2,0,6,11
Lutucan Bata,2023-03-05,13.997,121.557,1,1,0,5,0,1,0,7
Lutucan Bata,2023-04-25,13.997,121.557,1,0,0,4,3,0,3,10
Lutucan Bata,2023-06-18,13.997,121.557,1,1,0,3,0,2,0,6
Lutucan Bata,2023-08-26,13.997,121.557,1,0,0,4,0,0,0,4
Lutucan Bata,2023-11-05,13.997,121.557,1,0,0,4,1,0,2,7
Lutucan Bata,2024-01-03,13.997,121.557,1,0,0,2,1,0,0,3
Lutucan Bata,2024-02-24,13.997,121.557,1,0,0,3,0,0,2,5
Lutucan Bata,2024-05-08,13.997,121.557,1,0,0,6,2,2,3,13
Lutucan Bata,2024-06-26,13.997,121.557,1,0,0,3,1,0,6,10
Lutucan Bata,2024-08-20,13.997,121.557,1,0,0,1,0,1,2,4
Lutucan Bata,2024-10-23,13.997,121.557,1,1,0,3,0,0,2,6
Lutucan Malabag,2022-12-18,13.998,121.558,1,0,0,3,4,2,0,9
Lutucan Malabag,2023-03-14,13.998,121.558,1,0,0,7,1,2,0,10
Lutucan Malabag,2023-05-02,13.998,121.558,1,0,0,5,0,0,5,10
Lutucan Malabag,2023-06-26,13.998,121.558,1,0,0,3,1,0,0,4
Lutucan Malabag,2023-08-27,13.998,121.558,1,0,0,0,1,2,0,3
Lutucan Malabag,2023-10-17,13.998,121.558,2,2,0,2,5,0,7,16
Lutucan Malabag,2023-12-28,13.998,121.558,1,0,0,2,0,0,3,5
Lutucan Malabag,2024-02-27,13.998,121.558,1,0,0,5,1,0,4,10
Lutucan Malabag,2024-04-13,13.998,121.558,1,0,0,0,3,0,0,3
Lutucan Malabag,2024-06-18,13.998,121.558,1,0,0,1,1,0,0,2
Lutucan Malabag,2024-09-04,13.998,121.558,1,2,0,1,1,0,3,7
Lutucan Malabag,2024-10-24,13.998,121.558,2,1,0,5,2,0,4,12
Mamala I,2023-01-01,13.999,121.559,12,8,1,35,11,5,19,79
Mamala I,2023-03-15,13.999,121.559,12,10,0,33,17,6,18,84
Mamala I,2023-05-11,13.999,121.559,6,10,0,52,14,12,30,118
Mamala I,2023-06-25,13.999,121.559,13,5,4,39,22,16,11,97
Mamala I,2023-08-17,13.999,121.559,14,7,0,37,18,10,22,94
Mamala I,2023-10-19,13.999,121.559,20,14,2,75,54,29,27,201
Mamala I,2023-12-24,13.999,121.559,13,12,0,39,16,11,17,95
Mamala I,2024-02-20,13.999,121.559,9,9,2,22,11,10,21,75
Mamala I,2024-05-04,13.999,121.559,12,8,0,52,24,9,30,123
Mamala I,2024-07-02,13.999,121.559,19,4,0,37,19,17,23,100
Mamala I,2024-08-16,13.999,121.559,8,18,1,57,27,25,24,152
Mamala I,2024-10-19,13.999,121.559,6,9,0,49,29,16,23,126
Mamala II,2023-01-15,14.0,121.56,9,5,0,25,19,10,9,68
Mamala II,2023-03-07,14.0,121.56,7,7,0,31,15,4,19,76
Mamala II,2023-04-25,14.0,121.56,9,8,0,33,18,6,10,75
Mamala II,2023-07-03,14.0,121.56,7,13,0,64,19,31,16,143
Mamala II,2023-08-17,14.0,121.56,7,3,0,43,20,14,13,93
Mamala II,2023-10-30,14.0,121.56,9,10,0,59,27,10,9,115
Mamala II,2024-01-04,14.0,121.56,6,17,0,44,16,2,17,96
Mamala II,2024-02-14,14.0,121.56,13,12,0,45,31,7,14,109
Mamala II,2024-04-29,14.0,121.56,14,6,0,36,25,6,14,87
Mamala II,2024-06-22,14.0,121.56,13,10,0,41,24,11,37,123
Mamala II,2024-09-02,14.0,121.56,15,10,0,56,24,15,10,115
Mamala II,2024-10-09,14.0,121.56,9,7,0,53,23,12,13,108
Manggalang 1,2022-12-22,14.001,121.561,7,2,1,19,6,3,7,38
Manggalang 1,2023-02-26,14.001,121.561,13,3,0,14,8,2,15,42
Manggalang 1,2023-04-18,14.001,121.561,8,4,0,11,8,4,10,37
Manggalang 1,2023-07-09,14.001,121.561,6,3,0,17,10,5,14,49
Manggalang 1,2023-09-11,14.001,121.561,8,3,0,28,7,2,19,59
Manggalang 1,2023-11-07,14.001,121.561,4,1,0,14,7,4,9,35
Manggalang 1,2023-12-14,14.001,121.561,5,2,0,25,10,1,4,42
Manggalang 1,2024-02-25,14.001,121.561,9,5,0,21,11,4,9,50
Manggalang 1,2024-04-21,14.001,121.561,4,3,0,19,9,3,7,41
Manggalang 1,2024-06-18,14.001,121.561,11,9,0,30,9,9,5,62
Manggalang 1,2024-08-11,14.001,121.561,9,8,0,29,9,8,1,55
Manggalang 1,2024-10-25,14.001,121.561,4,1,0,17,6,4,13,41
Manggalang Tulo-tulo,2022-12-18,14.002,121.562,4,3,0,15,5,2,12,37
Manggalang Tulo-tulo,2023-02-25,14.002,121.562,5,1,0,14,7,5,8,35
Manggalang Tulo-tulo,2023-05-01,14.002,121.562,7,4,0,29,11,4,9,57
Manggalang Tulo-tulo,2023-07-12,14.002,121.562,8,4,0,27,8,4,13,56
Manggalang Tulo-tulo,2023-08-16,14.002,121.562,7,4,0,17,5,8,15,49
Manggalang Tulo-tulo,2023-10-22,14.002,121.562,10,2,0,15,10,1,10,38
Manggalang Tulo-tulo,2024-01-04,14.002,121.562,12,1,0,26,5,5,12,49
Manggalang Tulo-tulo,2024-02-13,14.002,121.562,7,0,0,6,6,2,21,35
Manggalang Tulo-tulo,2024-04-21,14.002,121.562,7,1,0,15,1,1,10,28
Manggalang Tulo-tulo,2024-07-03,14.002,121.562,9,2,0,25,5,0,4,36
Manggalang Tulo-tulo,2024-08-19,14.002,121.562,7,0,0,20,2,2,14,38
Manggalang Tulo-tulo,2024-10-11,14.002,121.562,8,3,0,24,11,7,28,73
Manggalang-Bantilan,2022-12-29,14.003,121.563,1,0,0,4,2,0,1,7
Manggalang-Bantilan,2023-02-17,14.003,121.563,1,0,0,1,0,2,0,3
Manggalang-Bantilan,2023-04-19,14.003,121.563,2,0,0,2,0,0,0,2
Manggalang-Bantilan,2023-06-19,14.003,121.563,1,1,0,2,2,0,0,5
Manggalang-Bantilan,2023-08-25,14.003,121.563,2,0,0,5,2,1,3,11
Manggalang-Bantilan,2023-11-06,14.003,121.563,3,0,0,2,1,0,9,12
Manggalang-Bantilan,2024-01-08,14.003,121.563,1,0,0,8,1,0,7,16
Manggalang-Bantilan,2024-03-07,14.003,121.563,2,0,0,3,0,0,3,6
Manggalang-Bantilan,2024-05-05,14.003,121.563,1,0,0,0,1,0,0,1
Manggalang-Bantilan,2024-06-14,14.003,121.563,1,0,0,2,2,2,0,6
Manggalang-Bantilan,2024-08-16,14.003,121.563,2,0,0,4,2,0,9,15
Manggalang-Bantilan,2024-10-24,14.003,121.563,1,0,0,6,2,2,2,12
Manggalang-Kiling,2023-01-09,14.004,121.564,7,5,0,30,15,5,11,66
Manggalang-Kiling,2023-02-17,14.004,121.564,14,6,0,30,16,17,12,81
Manggalang-Kiling,2023-04-21,14.004,121.564,9,10,0,34,9,10,20,83
Manggalang-Kiling,2023-06-27,14.004,121.564,17,9,0,49,20,9,16,103
Manggalang-Kiling,2023-08-26,14.004,121.564,6,13,0,32,28,18,5,96
Manggalang-Kiling,2023-10-28,14.004,121.564,17,10,0,45,31,10,15,111
Manggalang-Kiling,2023-12-25,14.004,121.564,6,8,0,28,13,11,13,73
Manggalang-Kiling,2024-03-09,14.004,121.564,11,9,1,31,18,6,18,83
Manggalang-Kiling,2024-04-11,14.004,121.564,6,7,0,17,11,3,10,48
Manggalang-Kiling,2024-07-04,14.004,121.564,18,6,0,32,12,6,36,92
Manggalang-Kiling,2024-08-18,14.004,121.564,5,4,0,42,13,15,18,92
Manggalang-Kiling,2024-10-30,14.004,121.564,11,11,0,47,25,11,21,115
Montecillo,2022-12-22,14.005,121.565,5,3,0,25,11,5,12,56
Montecillo,2023-03-07,14.005,121.565,9,2,0,20,9,6,12,49
Montecillo,2023-04-30,14.005,121.565,7,2,0,14,6,3,14,39
Montecillo,2023-06-25,14.005,121.565,5,1,0,15,9,8,9,42
Montecillo,2023-09-06,14.005,121.565,2,3,2,25,19,7,9,65
Montecillo,2023-11-09,14.005,121.565,10,7,0,20,6,6,16,55
Montecillo,2024-01-09,14.005,121.565,2,1,0,15,6,3,17,42
Montecillo,2024-02-12,14.005,121.565,2,2,0,18,11,8,1,40
Montecillo,2024-04-26,14.005,121.565,2,3,0,19,8,2,6,38
Montecillo,2024-07-02,14.005,121.565,4,4,0,28,2,9,11,54
Montecillo,2024-08-13,14.005,121.565,4,2,0,23,10,8,13,56
Montecillo,2024-10-09,14.005,121.565,7,3,0,24,10,3,6,46
Morong,2022-12-23,14.006,121.566,1,2,0,10,7,3,5,27
Morong,2023-03-12,14.006,121.566,1,1,0,3,2,0,0,6
Morong,2023-05-09,14.006,121.566,2,0,0,8,4,0,3,15
Morong,2023-06-20,14.006,121.566,2,0,0,13,2,2,5,22
Morong,2023-09-04,14.006,121.566,2,3,0,11,5,0,12,31
Morong,2023-10-18,14.006,121.566,4,3,0,19,2,1,14,39
Morong,2024-01-06,14.006,121.566,4,2,0,6,9,5,4,26
Morong,2024-02-27,14.006,121.566,1,0,0,5,13,2,1,21
Morong,2024-04-11,14.006,121.566,2,1,0,6,4,1,4,16
Morong,2024-06-27,14.006,121.566,2,0,0,8,4,3,5,20
Morong,2024-08-18,14.006,121.566,3,1,0,11,5,2,3,22
Morong,2024-10-13,14.006,121.566,4,0,0,10,1,1,4,16
Pili,2023-01-07,14.007,121.567,10,1,0,15,6,3,9,34
Pili,2023-02-19,14.007,121.567,12,4,0,20,6,1,6,37
Pili,2023-04-21,14.007,121.567,9,3,0,36,12,3,20,74
Pili,2023-06-18,14.007,121.567,8,5,2,22,17,6,16,68
Pili,2023-08-30,14.007,121.567,8,9,0,30,11,5,10,65
Pili,2023-10-26,14.007,121.567,15,3,0,31,21,3,22,80
Pili,2024-01-01,14.007,121.567,14,4,0,24,9,6,23,66
Pili,2024-03-09,14.007,121.567,13,3,0,14,14,4,13,48
Pili,2024-04-14,14.007,121.567,10,11,0,19,5,9,9,53
Pili,2024-07-02,14.007,121.567,11,2,0,20,12,3,20,57
Pili,2024-08-31,14.007,121.567,4,5,0,37,19,13,8,82
Pili,2024-11-04,14.007,121.567,11,0,0,20,7,10,6,43
Sampaloc 1,2022-12-18,14.008,121.568,4,1,0,28,8,5,8,50
Sampaloc 1,2023-02-26,14.008,121.568,6,3,0,9,2,1,9,24
Sampaloc 1,2023-05-15,14.008,121.568,2,6,0,13,5,1,8,33
Sampaloc 1,2023-07-13,14.008,121.568,5,3,0,10,2,3,10,28
Sampaloc 1,2023-08-16,14.008,121.568,6,2,0,17,6,2,9,36
Sampaloc 1,2023-10-21,14.008,121.568,4,5,0,15,12,4,2,38
Sampaloc 1,2024-01-08,14.008,121.568,3,4,1,11,7,3,4,30
Sampaloc 1,2024-02-24,14.008,121.568,2,7,0,22,9,3,11,52
Sampaloc 1,2024-04-27,14.008,121.568,2,2,0,9,6,1,5,23
Sampaloc 1,2024-07-02,14.008,121.568,2,5,0,20,3,2,0,30
Sampaloc 1,2024-08-29,14.008,121.568,7,2,0,14,6,2,11,35
Sampaloc 1,2024-10-15,14.008,121.568,7,6,0,9,6,2,14,37
Sampaloc 2,2023-01-12,14.009,121.569,6,1,0,14,7,5,8,35
Sampaloc 2,2023-03-02,14.009,121.569,7,5,0,11,3,3,12,34
Sampaloc 2,2023-04-18,14.009,121.569,4,4,0,9,12,2,16,43
Sampaloc 2,2023-06-24,14.009,121.569,6,1,0,9,9,4,14,37
Sampaloc 2,2023-09-09,14.009,121.569,10,5,0,24,5,6,16,56
Sampaloc 2,2023-10-19,14.009,121.569,10,6,0,17,13,11,15,62
Sampaloc 2,2023-12-13,14.009,121.569,4,10,0,23,9,4,5,51
Sampaloc 2,2024-03-08,14.009,121.569,3,2,0,19,16,4,4,45
Sampaloc 2,2024-05-03,14.009,121.569,2,5,0,21,8,2,6,42
Sampaloc 2,2024-06-17,14.009,121.569,8,1,0,27,11,1,20,60
Sampaloc 2,2024-08-09,14.009,121.569,4,5,0,15,14,2,8,44
Sampaloc 2,2024-10-20,14.009,121.569,3,2,1,16,13,3,7,42
Sampaloc Bogon,2023-01-13,14.01,121.57,2,2,0,16,8,1,0,27
Sampaloc Bogon,2023-02-21,14.01,121.57,1,1,0,8,4,4,0,17
Sampaloc Bogon,2023-05-02,14.01,121.57,2,1,0,6,3,3,0,13
Sampaloc Bogon,2023-06-22,14.01,121.57,4,1,0,12,5,0,8,26
Sampaloc Bogon,2023-08-16,14.01,121.57,3,6,0,13,4,4,3,30
Sampaloc Bogon,2023-10-26,14.01,121.57,8,3,0,12,6,1,1,23
Sampaloc Bogon,2023-12-13,14.01,121.57,5,0,0,10,3,0,4,17
Sampaloc Bogon,2024-03-03,14.01,121.57,7,2,0,8,5,1,15,31
Sampaloc Bogon,2024-04-23,14.01,121.57,2,0,0,4,1,1,7,13
Sampaloc Bogon,2024-07-07,14.01,121.57,1,2,0,19,1,3,8,33
Sampaloc Bogon,2024-09-05,14.01,121.57,4,1,0,10,1,0,5,17
Sampaloc Bogon,2024-10-13,14.01,121.57,2,1,0,15,2,3,12,33
Sampaloc Santo Cristo,2023-01-02,14.011,121.571,11,2,0,38,18,8,22,88
Sampaloc Santo Cristo,2023-02-17,14.011,121.571,24,6,2,51,21,9,35,124
Sampaloc Santo Cristo,2023-04-22,14.011,121.571,6,5,2,28,13,11,14,73
Sampaloc Santo Cristo,2023-06-30,14.011,121.571,16,8,0,39,24,11,19,101
Sampaloc Santo Cristo,2023-09-12,14.011,121.571,15,9,0,56,29,13,30,137
Sampaloc Santo Cristo,2023-10-14,14.011,121.571,14,9,0,50,30,18,9,116
Sampaloc Santo Cristo,2024-01-03,14.011,121.571,14,8,0,35,19,7,12,81
Sampaloc Santo Cristo,2024-02-24,14.011,121.571,7,17,0,35,19,10,2,83
Sampaloc Santo Cristo,2024-05-07,14.011,121.571,15,6,0,47,20,13,17,103
Sampaloc Santo Cristo,2024-06-12,14.011,121.571,14,6,1,35,18,10,10,80
Sampaloc Santo Cristo,2024-08-25,14.011,121.571,18,6,0,51,23,19,32,131
Sampaloc Santo Cristo,2024-10-17,14.011,121.571,19,6,0,50,14,18,26,114
Talaan Aplaya,2023-01-03,14.012,121.572,13,1,1,33,16,13,11,75
Talaan Aplaya,2023-03-11,14.012,121.572,14,1,0,23,9,8,16,57
Talaan Aplaya,2023-05-03,14.012,121.572,10,5,0,32,9,3,23,72
Talaan Aplaya,2023-07-05,14.012,121.572,15,1,0,27,12,3,38,81
Talaan Aplaya,2023-08-15,14.012,121.572,19,1,0,34,18,14,38,105
Talaan Aplaya,2023-11-07,14.012,121.572,8,6,0,33,17,4,30,90
Talaan Aplaya,2023-12-18,14.012,121.572,9,4,0,53,12,12,16,97
Talaan Aplaya,2024-02-27,14.012,121.572,7,1,0,29,14,8,16,68
Talaan Aplaya,2024-04-30,14.012,121.572,5,1,0,18,10,2,11,42
Talaan Aplaya,2024-07-07,14.012,121.572,9,5,0,24,18,6,32,85
Talaan Aplaya,2024-09-06,14.012,121.572,7,9,6,38,25,9,16,103
Talaan Aplaya,2024-10-22,14.012,121.572,17,8,0,36,16,10,29,99
Talaanpantoc,2023-01-09,14.013,121.573,1,0,0,0,2,0,0,2
Talaanpantoc,2023-02-24,14.013,121.573,2,0,0,2,1,0,7,10
Talaanpantoc,2023-04-29,14.013,121.573,2,0,0,5,0,0,0,5
Talaanpantoc,2023-06-19,14.013,121.573,2,0,0,5,2,0,4,11
Talaanpantoc,2023-09-09,14.013,121.573,1,0,0,8,1,0,0,9
Talaanpantoc,2023-10-19,14.013,121.573,1,1,0,7,1,1,0,10
Talaanpantoc,2024-01-10,14.013,121.573,2,0,0,8,1,0,7,16
Talaanpantoc,2024-02-14,14.013,121.573,2,0,0,7,3,0,0,10
Talaanpantoc,2024-05-05,14.013,121.573,1,0,0,7,3,0,1,11
Talaanpantoc,2024-06-16,14.013,121.573,2,0,0,4,4,1,3,12
Talaanpantoc,2024-08-20,14.013,121.573,2,0,0,10,1,1,5,17
Talaanpantoc,2024-10-10,14.013,121.573,1,2,0,8,1,1,12,24
Tumbaga 1,2022-12-29,14.014,121.574,5,0,0,22,14,10,13,59
Tumbaga 1,2023-03-06,14.014,121.574,4,5,0,11,4,1,6,27
Tumbaga 1,2023-05-08,14.014,121.574,1,1,0,12,6,8,12,39
Tumbaga 1,2023-07-12,14.014,121.574,2,1,0,12,8,1,11,33
Tumbaga 1,2023-09-04,14.014,121.574,4,5,0,6,12,2,10,35
Tumbaga 1,2023-10-29,14.014,121.574,5,5,2,20,6,1,15,49
Tumbaga 1,2023-12-25,14.014,121.574,5,0,0,14,6,0,11,31
Tumbaga 1,2024-03-09,14.014,121.574,3,2,0,13,2,2,16,35
Tumbaga 1,2024-05-02,14.014,121.574,1,3,0,13,6,7,9,38
Tumbaga 1,2024-06-10,14.014,121.574,4,1,0,23,7,1,10,42
Tumbaga 1,2024-08-28,14.014,121.574,5,1,0,9,4,1,9,24
Tumbaga 1,2024-10-25,14.014,121.574,5,1,0,18,11,6,13,49
Tumbaga 2,2023-01-01,14.015,121.575,4,4,0,18,13,7,11,53
Tumbaga 2,2023-03-01,14.015,121.575,1,2,2,11,7,1,3,26
Tumbaga 2,2023-04-17,14.015,121.575,5,0,0,10,9,1,8,28
Tumbaga 2,2023-07-14,14.015,121.575,4,2,0,9,6,1,8,26
Tumbaga 2,2023-08-20,14.015,121.575,6,7,0,14,1,2,0,24
Tumbaga 2,2023-10-14,14.015,121.575,2,4,0,17,9,9,0,39
Tumbaga 2,2023-12-20,14.015,121.575,9,8,0,11,3,4,10,36
Tumbaga 2,2024-02-14,14.015,121.575,8,7,0,13,8,9,8,45
Tumbaga 2,2024-04-26,14.015,121.575,2,1,0,10,3,6,0,20
Tumbaga 2,2024-06-10,14.015,121.575,7,1,0,15,8,3,8,35
Tumbaga 2,2024-08-31,14.015,121.575,7,1,0,17,1,3,20,42
Tumbaga 2,2024-10-09,14.015,121.575,2,2,0,21,15,6,15,59
